"","http...web.mta.info.nyct.service.","X1","Astor.Pl","POINT...73.99106999861966.40.73005400028978.","X4.6.6.Express","X4.nights..6.all.times..6.Express.weekdays.AM.southbound..PM.northbound","latitude","longitude"
"1","http://web.mta.info/nyct/service/",2,"Canal St","POINT (-74.00019299927328 40.71880300107709)","4-6-6 Express","4 nights, 6-all times, 6 Express-weekdays AM southbound, PM northbound",-74.0001929992733,40.7188030010771
"2","http://web.mta.info/nyct/service/",3,"50th St","POINT (-73.98384899986625 40.76172799961419)","1-2","1-all times, 2-nights",-73.9838489998663,40.7617279996142
"3","http://web.mta.info/nyct/service/",4,"Bergen St","POINT (-73.97499915116808 40.68086213682956)","2-3-4","4-nights, 3-all other times, 2-all times",-73.9749991511681,40.6808621368296
"4","http://web.mta.info/nyct/service/",5,"Pennsylvania Ave","POINT (-73.89488591154061 40.66471445143568)","3-4","4-nights, 3-all other times",-73.8948859115406,40.6647144514357
"5","http://web.mta.info/nyct/service/",6,"238th St","POINT (-73.90087000018522 40.88466700064975)","1","1-all times, exit only northbound",-73.9008700001852,40.8846670006497
"6","http://web.mta.info/nyct/service/",7,"Cathedral Pkwy (110th St)","POINT (-73.95806670661364 40.800581558114956)","A-B-C","A-nights, B-weekdays and evenings, C-all times exc nights",-73.9580667066136,40.800581558115
"7","http://web.mta.info/nyct/service/",8,"Kingston - Throop Aves","POINT (-73.94085899871263 40.67991899941601)","A-C","A-nights, C-all other times",-73.9408589987126,40.679918999416
"8","http://web.mta.info/nyct/service/",9,"65th St","POINT (-73.8987883783301 40.74971952935675)","E-M-R","E-nights, R-all other times, M-weekdays and evenings",-73.8987883783301,40.7497195293568
"9","http://web.mta.info/nyct/service/",10,"36th St","POINT (-73.92901818461539 40.75196004401078)","E-M-R","E-nights, R-all other times, M-weekdays and evenings",-73.9290181846154,40.7519600440108
"10","http://web.mta.info/nyct/service/",11,"Delancey St - Essex St","POINT (-73.98740940202974 40.71830605618619)","J-M-Z","J-all times, M-all times exc nights, Z-rush hours AM westbound, PM eastbound",-73.9874094020297,40.7183060561862
"11","http://web.mta.info/nyct/service/",12,"Van Siclen Ave","POINT (-73.89165772702445 40.67802821447783)","J-Z","Z-rush hours AM westbound, PM eastbound, J-all other times",-73.8916577270245,40.6780282144778
"12","http://web.mta.info/nyct/service/",13,"Norwood Ave","POINT (-73.87962599910783 40.68152000045683)","J-Z","Z-rush hours AM westbound, PM eastbound, J-all other times",-73.8796259991078,40.6815200004568
"13","http://web.mta.info/nyct/service/",14,"104th-102nd Sts","POINT (-73.84443500029684 40.69516599823373)","J-Z","Z-rush hours AM westbound, PM eastbound, J-all other times",-73.8444350002968,40.6951659982337
"14","http://web.mta.info/nyct/service/",15,"DeKalb Ave","POINT (-73.98177094440949 40.690648119969794)","B-D-N-Q-R","B-weekdays and evenings, D-all other times, N-nights, R-all other times, Q-all times",-73.9817709444095,40.6906481199698
"15","http://web.mta.info/nyct/service/",16,"Beach 105th St","POINT (-73.82758075034528 40.58326843810286)","A-S","A-rush hours AM northbound, PM southbound, S Broad Channel to Rockaway Park-all times",-73.8275807503453,40.5832684381029
"16","http://web.mta.info/nyct/service/",17,"Beach 90th St","POINT (-73.81365140419632 40.58809156457325)","A-S","A-rush hours AM northbound, PM southbound, S Broad Channel to Rockaway Park-all times",-73.8136514041963,40.5880915645732
"17","http://web.mta.info/nyct/service/",18,"Freeman St","POINT (-73.89175225349464 40.829987446384116)","2-5","2-all times, 5-all times exc nights, skips rush hours AM southbound, PM northbound",-73.8917522534946,40.8299874463841
"18","http://web.mta.info/nyct/service/",19,"Intervale Ave","POINT (-73.89661738461646 40.822142131170786)","2-5","2-all times, 5-all times exc nights, skips rush hours AM southbound, PM northbound",-73.8966173846165,40.8221421311708
"19","http://web.mta.info/nyct/service/",20,"182nd-183rd Sts","POINT (-73.90074099998965 40.85609299881864)","B-D","B-rush hours, D-all times, skips rush hours AM southbound, PM northbound",-73.9007409999897,40.8560929988186
"20","http://web.mta.info/nyct/service/",21,"174th-175th Sts","POINT (-73.91013600050078 40.84589999983414)","B-D","B-rush hours, D-all times, skips rush hours AM southbound, PM northbound",-73.9101360005008,40.8458999998341
"21","http://web.mta.info/nyct/service/",22,"167th St","POINT (-73.91843200082253 40.83376899862797)","B-D","B-rush hours, D-all times, skips rush hours AM southbound, PM northbound",-73.9184320008225,40.833768998628
"22","http://web.mta.info/nyct/service/",23,"Mets - Willets Point","POINT (-73.8456249984179 40.75462199881262)","7-7 Express","7-all times, 7 Express-rush hours AM westbound, PM eastbound",-73.8456249984179,40.7546219988126
"23","http://web.mta.info/nyct/service/",24,"Junction Blvd","POINT (-73.86952700103515 40.74914499948836)","7-7 Express","7-all times, 7 Express-rush hours AM westbound, PM eastbound",-73.8695270010352,40.7491449994884
"24","http://web.mta.info/nyct/service/",25,"Flushing - Main St","POINT (-73.83003000262508 40.75959999915012)","7-7 Express","7-all times, 7 Express-rush hours AM westbound, PM eastbound",-73.8300300026251,40.7595999991501
"25","http://web.mta.info/nyct/service/",26,"Buhre Ave","POINT (-73.83256900003744 40.846809998885504)","6-6 Express","6 Express-weekdays AM southbound, PM northbound, 6-all other times",-73.8325690000374,40.8468099988855
"26","http://web.mta.info/nyct/service/",27,"3rd Ave - 138th St","POINT (-73.92613800014134 40.81047600117261)","6-6 Express","6-all times, 6 Express-weekdays AM southbound, PM northbound",-73.9261380001413,40.8104760011726
"27","http://web.mta.info/nyct/service/",28,"Castle Hill Ave","POINT (-73.85122199961472 40.83425499825462)","6-6 Express","6 Express-weekdays AM southbound, PM northbound, 6-all other times",-73.8512219996147,40.8342549982546
"28","http://web.mta.info/nyct/service/",29,"Brooklyn Bridge - City Hall","POINT (-74.0041310005885 40.713064999433136)","4-5-6-6 Express","4,6-all times, 5-all times exc nights, 6 Express-weekdays AM southbound, PM northbound",-74.0041310005885,40.7130649994331
"29","http://web.mta.info/nyct/service/",30,"Zerega Ave","POINT (-73.8470359987544 40.836488000608156)","6-6 Express","6 Express-weekdays AM southbound, PM northbound, 6-all other times",-73.8470359987544,40.8364880006082
"30","http://web.mta.info/nyct/service/",31,"Grand Central - 42nd St","POINT (-73.9767132992584 40.75180742981634)","4-5-6-6 Express","4,6-all times, 5-all times exc nights, 6 Express-weekdays AM southbound, PM northbound",-73.9767132992584,40.7518074298163
"31","http://web.mta.info/nyct/service/",32,"33rd St","POINT (-73.98207600148947 40.74608099909145)","4-6-6 Express","4 nights, 6-all times, 6 Express-weekdays AM southbound, PM northbound",-73.9820760014895,40.7460809990914
"32","http://web.mta.info/nyct/service/",33,"96th St","POINT (-73.9510700015425 40.78567199998607)","4-6-6 Express","4 nights, 6-all times, 6 Express-weekdays AM southbound, PM northbound",-73.9510700015425,40.7856719999861
"33","http://web.mta.info/nyct/service/",34,"77th St","POINT (-73.95987399886047 40.77362000074615)","4-6-6 Express","4 nights, 6-all times, 6 Express-weekdays AM southbound, PM northbound",-73.9598739988605,40.7736200007461
"34","http://web.mta.info/nyct/service/",35,"Chauncey St","POINT (-73.91038357033376 40.68285130087804)","J-Z","Z-rush hours AM westbound, PM eastbound, J-all other times",-73.9103835703338,40.682851300878
"35","http://web.mta.info/nyct/service/",36,"Union St","POINT (-73.98310999909673 40.67731566735096)","D-N-R","D,N-nights, R-all other times",-73.9831099990967,40.677315667351
"36","http://web.mta.info/nyct/service/",37,"Elmhurst Ave","POINT (-73.8820347465864 40.74237007972169)","E-M-R","E-nights, R-all other times, M-weekdays and evenings",-73.8820347465864,40.7423700797217
"37","http://web.mta.info/nyct/service/",38,"Ralph Ave","POINT (-73.92078599933306 40.678822000873375)","A-C","A-nights, C-all other times",-73.9207859993331,40.6788220008734
"38","http://web.mta.info/nyct/service/",39,"Pelham Pkwy","POINT (-73.86748067850041 40.8571924091606)","2-5","2-all times, 5-rush hours AM southbound, PM northbound",-73.8674806785004,40.8571924091606
"39","http://web.mta.info/nyct/service/",40,"Gun Hill Rd","POINT (-73.86613410538703 40.877839385172024)","2-5","2-all times, 5-rush hours AM southbound, PM northbound",-73.866134105387,40.877839385172
"40","http://web.mta.info/nyct/service/",41,"Nereid Ave (238 St)","POINT (-73.8543153107622 40.898286515575286)","2-5","2-all times, 5-rush hours AM southbound, PM northbound",-73.8543153107622,40.8982865155753
"41","http://web.mta.info/nyct/service/",42,"Franklin Ave","POINT (-73.9580997367769 40.67076515344894)","2-3-4-5","2,4-all times, 3-all times exc nights, 5-weekdays",-73.9580997367769,40.6707651534489
"42","http://web.mta.info/nyct/service/",43,"Simpson St","POINT (-73.89306639507903 40.823976841237396)","2-5","2-all times, 5-all times exc nights, skips rush hours AM southbound, PM northbound",-73.893066395079,40.8239768412374
"43","http://web.mta.info/nyct/service/",44,"Bronx Park East","POINT (-73.86835609178098 40.848768666338934)","2-5","2-all times, 5-rush hours AM southbound, PM northbound",-73.868356091781,40.8487686663389
"44","http://web.mta.info/nyct/service/",45,"Winthrop St","POINT (-73.95007934590994 40.65665931376077)","2-5","2-all times, 5-weekdays",-73.9500793459099,40.6566593137608
"45","http://web.mta.info/nyct/service/",46,"Van Siclen Ave","POINT (-73.88940491730106 40.665517963059635)","3-4","4-nights, 3-all other times",-73.8894049173011,40.6655179630596
"46","http://web.mta.info/nyct/service/",47,"149th St - Grand Concourse","POINT (-73.9273847542618 40.81830344372315)","4","4-all times",-73.9273847542618,40.8183034437232
"47","http://web.mta.info/nyct/service/",48,"161st St - Yankee Stadium","POINT (-73.92569199505733 40.82823032742169)","4","4-all times",-73.9256919950573,40.8282303274217
"48","http://web.mta.info/nyct/service/",49,"Lexington Ave - 59th St","POINT (-73.9679670004732 40.762526000304575)","4-5-6-6 Express","4,6-all times, 5-all times exc nights, 6 Express-weekdays AM southbound, PM northbound",-73.9679670004732,40.7625260003046
"49","http://web.mta.info/nyct/service/",50,"E 149th St","POINT (-73.90409799875945 40.81211799827203)","6","6-all times",-73.9040979987595,40.812117998272
"50","http://web.mta.info/nyct/service/",51,"Morrison Av - Soundview","POINT (-73.87451599929486 40.82952100156747)","6","6-all times",-73.8745159992949,40.8295210015675
"51","http://web.mta.info/nyct/service/",52,"Whitlock Ave","POINT (-73.8862829985325 40.82652500055904)","6","6-all times",-73.8862829985325,40.826525000559
"52","http://web.mta.info/nyct/service/",53,"St Lawrence Ave","POINT (-73.86761799923673 40.8315090005233)","6","6-all times",-73.8676179992367,40.8315090005233
"53","http://web.mta.info/nyct/service/",54,"Woodside - 61st St","POINT (-73.90298400173006 40.745630001138395)","7-7 Express","7-all times, 7 Express-rush hours AM westbound, PM eastbound",-73.9029840017301,40.7456300011384
"54","http://web.mta.info/nyct/service/",55,"Far Rockaway - Mott Ave","POINT (-73.75540499924732 40.603995001687544)","A","A-all times",-73.7554049992473,40.6039950016875
"55","http://web.mta.info/nyct/service/",56,"72nd St","POINT (-73.976336575218 40.77551939729258)","A-B-C","A-nights, B-weekdays and evenings, C-all times exc nights",-73.976336575218,40.7755193972926
"56","http://web.mta.info/nyct/service/",57,"96th St","POINT (-73.96460245687166 40.79161879767014)","A-B-C","A-nights, B-weekdays and evenings, C-all times exc nights",-73.9646024568717,40.7916187976701
"57","http://web.mta.info/nyct/service/",58,"168th St","POINT (-73.93956099985425 40.84071899990795)","A-C","A-all times, C-all times exc nights",-73.9395609998543,40.8407189999079
"58","http://web.mta.info/nyct/service/",59,"Kingsbridge Rd","POINT (-73.8935090000331 40.86697799999945)","B-D","B-rush hours, D-all times",-73.8935090000331,40.8669779999994
"59","http://web.mta.info/nyct/service/",60,"42nd St - Bryant Pk","POINT (-73.98459099904711 40.754184001312545)","B-D-F-M","B,M-weekdays and evenings, D,F-all times",-73.9845909990471,40.7541840013125
"60","http://web.mta.info/nyct/service/",61,"Prospect Park","POINT (-73.96203130426609 40.6616334551018)","B-Q-S","B-weekdays and evenings, Q,S to Franklin Av-Fulton St-all times",-73.9620313042661,40.6616334551018
"61","http://web.mta.info/nyct/service/",62,"55th St","POINT (-73.99534882595742 40.63147876093745)","D","D-all times",-73.9953488259574,40.6314787609374
"62","http://web.mta.info/nyct/service/",63,"Jamaica - Van Wyck","POINT (-73.81701287135405 40.70289855287313)","E","E-all times",-73.8170128713541,40.7028985528731
"63","http://web.mta.info/nyct/service/",64,"Kew Gardens - Union Tpke","POINT (-73.8303702709878 40.714034819571026)","E-F","E,F-all times",-73.8303702709878,40.714034819571
"64","http://web.mta.info/nyct/service/",65,"Sutphin Blvd - Archer Av","POINT (-73.80800471963833 40.700382424235)","E-J-Z","E,J-all times, Z-rush hours AM westbound, PM eastbound",-73.8080047196383,40.700382424235
"65","http://web.mta.info/nyct/service/",66,"Court Sq - 23rd St","POINT (-73.94605470266329 40.747768121414325)","E-M","E-all times, M-weekdays and evenings",-73.9460547026633,40.7477681214143
"66","http://web.mta.info/nyct/service/",67,"67th Ave","POINT (-73.85286048434907 40.726505475813006)","E-M-R","E-nights, R-all other times, M-weekdays and evenings",-73.8528604843491,40.726505475813
"67","http://web.mta.info/nyct/service/",68,"Grand Ave - Newtown","POINT (-73.87722085669182 40.736813418197144)","E-M-R","E-nights, R-all other times, M-weekdays and evenings",-73.8772208566918,40.7368134181971
"68","http://web.mta.info/nyct/service/",69,"Ditmas Ave","POINT (-73.97817199965161 40.63611866666291)","F","F-all times",-73.9781719996516,40.6361186666629
"69","http://web.mta.info/nyct/service/",70,"Classon Ave","POINT (-73.95999000137212 40.68888900026455)","G","G-all times",-73.9599900013721,40.6888890002646
"70","http://web.mta.info/nyct/service/",71,"Broadway","POINT (-73.95031225606621 40.706126576274166)","G","G-all times",-73.9503122560662,40.7061265762742
"71","http://web.mta.info/nyct/service/",72,"Lorimer St","POINT (-73.95024799996972 40.71407200064717)","L","L-all times",-73.9502479999697,40.7140720006472
"72","http://web.mta.info/nyct/service/",73,"Sutter Ave","POINT (-73.9019160004208 40.66914500061398)","L","L-all times",-73.9019160004208,40.669145000614
"73","http://web.mta.info/nyct/service/",74,"Wilson Ave","POINT (-73.90395860491864 40.68886654246024)","L","L-all times",-73.9039586049186,40.6888665424602
"74","http://web.mta.info/nyct/service/",75,"Halsey St","POINT (-73.9166388842194 40.686415270704344)","J","J-all times",-73.9166388842194,40.6864152707043
"75","http://web.mta.info/nyct/service/",76,"Lorimer St","POINT (-73.94735499884204 40.703844000042096)","J-M","J-all times, skips weekdays AM westbound, PM eastbound, M-all times exc nights",-73.947354998842,40.7038440000421
"76","http://web.mta.info/nyct/service/",77,"8th Ave","POINT (-74.01151599772157 40.634970999647166)","N","N-all times",-74.0115159977216,40.6349709996472
"77","http://web.mta.info/nyct/service/",78,"36th Ave","POINT (-73.929861999118 40.7564420005104)","N-W","N-all times, W part time",-73.929861999118,40.7564420005104
"78","http://web.mta.info/nyct/service/",79,"Broadway","POINT (-73.92582299919906 40.761431998800546)","N-W","N-all times, W part time",-73.9258229991991,40.7614319988005
"79","http://web.mta.info/nyct/service/",80,"Times Sq - 42nd St","POINT (-73.98676800153976 40.75461199851542)","N-Q-R-W","N,Q-all times, R-all times exc nights, W part time",-73.9867680015398,40.7546119985154
"80","http://web.mta.info/nyct/service/",81,"Grand Central - 42nd St","POINT (-73.97918899989101 40.75276866674217)","S","S to Times Sq-all times exc nights, closed nights-use 7",-73.979188999891,40.7527686667422
"81","http://web.mta.info/nyct/service/",82,"Park Pl","POINT (-73.95762400074634 40.67477166685263)","S","S Franklin Av-Fulton St to Prospect Park-all times",-73.9576240007463,40.6747716668526
"82","http://web.mta.info/nyct/service/",83,"111th St","POINT (-73.83216299845388 40.68433100001238)","A-S","S Euclid Av to Ozone Park-Lefferts Blvd-nights, A-all other times",-73.8321629984539,40.6843310000124
"83","http://web.mta.info/nyct/service/",84,"W 4th St - Washington Sq (Lower)","POINT (-74.00030814755975 40.732254493367876)","B-D-F-M","B,M-weekdays and evenings, D,F-all times",-74.0003081475597,40.7322544933679
"84","http://web.mta.info/nyct/service/",85,"51st St","POINT (-73.97192000069982 40.75710699989316)","4-6-6 Express","4 nights, 6-all times, 6 Express-weekdays AM southbound, PM northbound",-73.9719200006998,40.7571069998932
"85","http://web.mta.info/nyct/service/",86,"86th St","POINT (-73.97621799859327 40.78864400073892)","1-2","1-all times, 2-nights",-73.9762179985933,40.7886440007389
"86","http://web.mta.info/nyct/service/",87,"233rd St","POINT (-73.85736239521543 40.89314324138378)","2-5","2-all times, 5-rush hours AM southbound, PM northbound",-73.8573623952154,40.8931432413838
"87","http://web.mta.info/nyct/service/",88,"66th St - Lincoln Ctr","POINT (-73.98220899995783 40.77344000052039)","1-2","1-all times, 2-nights",-73.9822089999578,40.7734400005204
"88","http://web.mta.info/nyct/service/",89,"Hunts Point Ave","POINT (-73.89054900017344 40.82094799852307)","6-6 Express","6-all times, 6 Express-weekdays AM southbound, PM northbound",-73.8905490001734,40.8209479985231
"89","http://web.mta.info/nyct/service/",90,"Canal St","POINT (-74.0062770001748 40.72285399778783)","1-2","1-all times, 2-nights",-74.0062770001748,40.7228539977878
"90","http://web.mta.info/nyct/service/",91,"Middletown Rd","POINT (-73.83632199755944 40.84386300128381)","6-6 Express","6 Express-weekdays AM southbound, PM northbound, 6-all other times",-73.8363219975594,40.8438630012838
"91","http://web.mta.info/nyct/service/",92,"23rd St","POINT (-73.98659900207888 40.739864000474604)","4-6-6 Express","4 nights, 6-all times, 6 Express-weekdays AM southbound, PM northbound",-73.9865990020789,40.7398640004746
"92","http://web.mta.info/nyct/service/",93,"Court Sq","POINT (-73.94526400039679 40.74702299889643)","7-7 Express","7-all times, 7 Express-rush hours AM westbound, PM eastbound",-73.9452640003968,40.7470229988964
"93","http://web.mta.info/nyct/service/",94,"59th St - Columbus Circle","POINT (-73.98192900232715 40.76824700063689)","1-2","1-all times, 2-nights",-73.9819290023271,40.7682470006369
"94","http://web.mta.info/nyct/service/",95,"Hunters Point Ave","POINT (-73.9489160009391 40.74221599986316)","7-7 Express","7-all times, 7 Express-rush hours AM westbound, PM eastbound",-73.9489160009391,40.7422159998632
"95","http://web.mta.info/nyct/service/",96,"23rd St","POINT (-73.9956570016487 40.74408099989751)","1-2","1-all times, 2-nights",-73.9956570016487,40.7440809998975
"96","http://web.mta.info/nyct/service/",97,"Houston St","POINT (-74.00536700180581 40.728251000730204)","1-2","1-all times, 2-nights",-74.0053670018058,40.7282510007302
"97","http://web.mta.info/nyct/service/",98,"104th St","POINT (-73.83768300060997 40.681711001091195)","A-S","S Euclid Av to Ozone Park-Lefferts Blvd-nights, A-all other times",-73.83768300061,40.6817110010912
"98","http://web.mta.info/nyct/service/",99,"Broad Channel","POINT (-73.81583268782963 40.60840218069683)","A-S","A,S to Rockaway Park-all times",-73.8158326878296,40.6084021806968
"99","http://web.mta.info/nyct/service/",100,"Ocean Pkwy","POINT (-73.96850099975177 40.57631166708091)","Q","Q-all times",-73.9685009997518,40.5763116670809
"100","http://web.mta.info/nyct/service/",101,"Vernon Blvd - Jackson Ave","POINT (-73.95358099875249 40.74262599969749)","7-7 Express","7-all times, 7 Express-rush hours AM westbound, PM eastbound",-73.9535809987525,40.7426259996975
"101","http://web.mta.info/nyct/service/",102,"68th St - Hunter College","POINT (-73.96387000158042 40.76814100049679)","4-6-6 Express","4 nights, 6-all times, 6 Express-weekdays AM southbound, PM northbound",-73.9638700015804,40.7681410004968
"102","http://web.mta.info/nyct/service/",103,"Queensboro Plz","POINT (-73.9401635351909 40.750635651014804)","7-7 Express-N-W","7,N-all times, 7 Express-rush hours AM westbound, PM eastbound, W part time",-73.9401635351909,40.7506356510148
"103","http://web.mta.info/nyct/service/",104,"Rockaway Blvd","POINT (-73.8438529979573 40.680428999588415)","A-S","A-all times, S Euclid Av to Ozone Park-Lefferts Blvd-nights",-73.8438529979573,40.6804289995884
"104","http://web.mta.info/nyct/service/",105,"Union Sq - 14th St","POINT (-73.98995099881881 40.734673000996125)","4-5-6-6 Express","4,6-all times, 5-all times exc nights, 6 Express-weekdays AM southbound, PM northbound",-73.9899509988188,40.7346730009961
"105","http://web.mta.info/nyct/service/",106,"Bedford - Nostrand Aves","POINT (-73.95352200064022 40.68962700158444)","G","G-all times",-73.9535220006402,40.6896270015844
"106","http://web.mta.info/nyct/service/",107,"15th St - Prospect Park","POINT (-73.97973580592873 40.66003568810021)","F-G","F,G-all times",-73.9797358059287,40.6600356881002
"107","http://web.mta.info/nyct/service/",108,"7th Ave","POINT (-73.98025117900944 40.66624469001985)","F-G","F,G-all times",-73.9802511790094,40.6662446900199
"108","http://web.mta.info/nyct/service/",109,"Ft Hamilton Pkwy","POINT (-73.97577599917474 40.65078166803418)","F-G","F,G-all times",-73.9757759991747,40.6507816680342
"109","http://web.mta.info/nyct/service/",110,"Church Ave","POINT (-73.97972116229084 40.64427200012998)","F-G","F,G-all times",-73.9797211622908,40.64427200013
"110","http://web.mta.info/nyct/service/",111,"Beverly Rd","POINT (-73.96435779623125 40.64390459860419)","Q","Q-all times",-73.9643577962313,40.6439045986042
"111","http://web.mta.info/nyct/service/",112,"Church Ave","POINT (-73.96288246192114 40.65049324646484)","B-Q","B-weekdays and evenings, Q-all times",-73.9628824619211,40.6504932464648
"112","http://web.mta.info/nyct/service/",113,"Newkirk Ave","POINT (-73.96269486837261 40.63514193733789)","B-Q","B-weekdays and evenings, Q-all times",-73.9626948683726,40.6351419373379
"113","http://web.mta.info/nyct/service/",114,"Parkside Ave","POINT (-73.96145343987648 40.65507304163716)","Q","Q-all times",-73.9614534398765,40.6550730416372
"114","http://web.mta.info/nyct/service/",115,"Grand Army Plaza","POINT (-73.9709563319228 40.6752946951032)","2-3-4","4-nights, 3-all other times, 2-all times",-73.9709563319228,40.6752946951032
"115","http://web.mta.info/nyct/service/",116,"Atlantic Av - Barclay's Center","POINT (-73.97754993539385 40.68442016526762)","2-3-4-5","2,4-all times, 3-all times exc nights, 5-weekdays",-73.9775499353939,40.6844201652676
"116","http://web.mta.info/nyct/service/",117,"Rockaway Ave","POINT (-73.91194599726617 40.678339999883505)","A-C","A-nights, C-all other times",-73.9119459972662,40.6783399998835
"117","http://web.mta.info/nyct/service/",118,"Fulton St","POINT (-73.97537499833149 40.68711899950771)","G","G-all times",-73.9753749983315,40.6871189995077
"118","http://web.mta.info/nyct/service/",119,"Clinton - Washington Aves","POINT (-73.9667959986695 40.68809400106055)","G","G-all times",-73.9667959986695,40.6880940010605
"119","http://web.mta.info/nyct/service/",120,"7th Ave","POINT (-73.97285279191024 40.67710217983294)","B-Q","B-weekdays and evenings, Q-all times",-73.9728527919102,40.6771021798329
"120","http://web.mta.info/nyct/service/",121,"Atlantic Av - Barclay's Center","POINT (-73.97678343963167 40.684488323453685)","B-Q","B-weekdays and evenings, Q-all times",-73.9767834396317,40.6844883234537
"121","http://web.mta.info/nyct/service/",122,"Atlantic Av - Barclay's Center","POINT (-73.97880999956767 40.683665667279435)","D-N-Q-R","D,N-all times, R-all times exc nights",-73.9788099995677,40.6836656672794
"122","http://web.mta.info/nyct/service/",123,"Borough Hall","POINT (-73.99015100090539 40.692403999991036)","4-5","4-all times, 5-weekdays",-73.9901510009054,40.692403999991
"123","http://web.mta.info/nyct/service/",124,"Aqueduct Racetrack","POINT (-73.83591899965162 40.672096999172844)","A","A-to Manhattan only, racing days only",-73.8359189996516,40.6720969991728
"124","http://web.mta.info/nyct/service/",125,"Morris Park","POINT (-73.86049500117254 40.85436399966426)","5","5-all times",-73.8604950011725,40.8543639996643
"125","http://web.mta.info/nyct/service/",126,"Pelham Pkwy","POINT (-73.85535900043564 40.858984999820116)","5","5-all times",-73.8553590004356,40.8589849998201
"126","http://web.mta.info/nyct/service/",127,"Nostrand Ave","POINT (-73.95042600099683 40.68043800006226)","A-C","A-all times, C-all times exc nights",-73.9504260009968,40.6804380000623
"127","http://web.mta.info/nyct/service/",128,"Nevins St","POINT (-73.98040679874578 40.68831058019022)","2-3-4-5","2,4-all times, 3-all times exc nights, 5-weekdays",-73.9804067987458,40.6883105801902
"128","http://web.mta.info/nyct/service/",129,"Eastern Pkwy - Bklyn Museum","POINT (-73.96422203748425 40.67203223545925)","2-3-4","4-nights, 3-all other times, 2-all times",-73.9642220374842,40.6720322354592
"129","http://web.mta.info/nyct/service/",130,"Beverly Rd","POINT (-73.94884798381702 40.64512351894373)","2-5","2-all times, 5-weekdays",-73.948847983817,40.6451235189437
"130","http://web.mta.info/nyct/service/",131,"Church Ave","POINT (-73.94945514035334 40.6508606878022)","2-5","2-all times, 5-weekdays",-73.9494551403533,40.6508606878022
"131","http://web.mta.info/nyct/service/",132,"Newkirk Ave","POINT (-73.94829990822407 40.63999124275311)","2-5","2-all times, 5-weekdays",-73.9482999082241,40.6399912427531
"132","http://web.mta.info/nyct/service/",133,"Brooklyn College - Flatbush Ave","POINT (-73.94754120734406 40.63284240700742)","2-5","2-all times, 5-weekdays",-73.9475412073441,40.6328424070074
"133","http://web.mta.info/nyct/service/",134,"Sterling St","POINT (-73.95072891124937 40.6627729934283)","2-5","2-all times, 5-weekdays",-73.9507289112494,40.6627729934283
"134","http://web.mta.info/nyct/service/",135,"Crown Hts - Utica Ave","POINT (-73.93293256081851 40.66897831107809)","3-4","3-all times exc nights, 4-all times",-73.9329325608185,40.6689783110781
"135","http://web.mta.info/nyct/service/",136,"Kingston Ave","POINT (-73.94215978392963 40.66948144864978)","3-4","4-nights, 3-all other times",-73.9421597839296,40.6694814486498
"136","http://web.mta.info/nyct/service/",137,"Nassau Ave","POINT (-73.95118300016523 40.724479997808274)","G","G-all times",-73.9511830001652,40.7244799978083
"137","http://web.mta.info/nyct/service/",138,"Greenpoint Ave","POINT (-73.95442500146235 40.73126699971465)","G","G-all times",-73.9544250014624,40.7312669997146
"138","http://web.mta.info/nyct/service/",139,"Marcy Ave","POINT (-73.95783200075729 40.708383000017925)","J-M-Z","J-all times, M-all times exc nights, Z-rush hours AM westbound, PM eastbound",-73.9578320007573,40.7083830000179
"139","http://web.mta.info/nyct/service/",140,"Hewes St","POINT (-73.95348800038457 40.706889998054)","J-M","J-all times, skips weekdays AM westbound, PM eastbound, M-all times exc nights",-73.9534880003846,40.706889998054
"140","http://web.mta.info/nyct/service/",141,"138th St - Grand Concourse","POINT (-73.92984899935611 40.81322399958908)","4-5","4-all times, skips rush hours AM southbound, PM northbound, 5-all times exc nights",-73.9298489993561,40.8132239995891
"141","http://web.mta.info/nyct/service/",142,"5th Ave - 53rd St","POINT (-73.9752485052734 40.76008683231326)","E-M","E-all times, M-weekdays and evenings",-73.9752485052734,40.7600868323133
"142","http://web.mta.info/nyct/service/",143,"Lexington Ave - 53rd St","POINT (-73.96907237490204 40.75746830782865)","E-M","E-all times, M-weekdays and evenings",-73.969072374902,40.7574683078287
"143","http://web.mta.info/nyct/service/",144,"28th St","POINT (-73.98869800128737 40.74545399979951)","N-Q-R-W","N-all times, R-all times exc nights, part time",-73.9886980012874,40.7454539997995
"144","http://web.mta.info/nyct/service/",145,"Herald Sq - 34th St","POINT (-73.9879368338264 40.74964456009442)","N-Q-R-W","N,Q-all times, R-all times exc nights",-73.9879368338264,40.7496445600944
"145","http://web.mta.info/nyct/service/",146,"1st Ave","POINT (-73.98168087489128 40.73097497580066)","L","L-all times",-73.9816808748913,40.7309749758007
"146","http://web.mta.info/nyct/service/",147,"Times Sq - 42nd St","POINT (-73.98622899953202 40.755983000570076)","S","S to Grand Central-all times exc nights, closed nights-use 7",-73.986228999532,40.7559830005701
"147","http://web.mta.info/nyct/service/",148,"Metropolitan Ave","POINT (-73.9514239994525 40.71277400073426)","G","G-all times",-73.9514239994525,40.7127740007343
"148","http://web.mta.info/nyct/service/",149,"Grand St","POINT (-73.94049699874644 40.71157600064823)","L","L-all times",-73.9404969987464,40.7115760006482
"149","http://web.mta.info/nyct/service/",150,"Graham Ave","POINT (-73.94394399869037 40.714575998363635)","L","L-all times",-73.9439439986904,40.7145759983636
"150","http://web.mta.info/nyct/service/",151,"Bedford Ave","POINT (-73.95666499806525 40.71717399858899)","L","L-all times",-73.9566649980652,40.717173998589
"151","http://web.mta.info/nyct/service/",152,"Montrose Ave","POINT (-73.93979284713505 40.70739106438455)","L","L-all times",-73.9397928471351,40.7073910643846
"152","http://web.mta.info/nyct/service/",153,"Long Island City - Court Sq","POINT (-73.94381559597835 40.74630503357145)","G","G-all times",-73.9438155959784,40.7463050335715
"153","http://web.mta.info/nyct/service/",154,"21st St","POINT (-73.9495999997552 40.7441286664954)","G","G-all times",-73.9495999997552,40.7441286664954
"154","http://web.mta.info/nyct/service/",155,"39th Ave","POINT (-73.93285137679598 40.75276306140845)","N-W","N-all times, W part time",-73.932851376796,40.7527630614085
"155","http://web.mta.info/nyct/service/",156,"145th St","POINT (-73.95035999879713 40.82655099962194)","1","1-all times",-73.9503599987971,40.8265509996219
"156","http://web.mta.info/nyct/service/",157,"157th St","POINT (-73.94488999901047 40.8340410001399)","1","1-all times",-73.9448899990105,40.8340410001399
"157","http://web.mta.info/nyct/service/",158,"96th St","POINT (-73.97232299915696 40.79391900121471)","1-2-3","1,2,3-all times",-73.972322999157,40.7939190012147
"158","http://web.mta.info/nyct/service/",159,"103rd St","POINT (-73.96837899960818 40.799446000334825)","1","1-all times",-73.9683789996082,40.7994460003348
"159","http://web.mta.info/nyct/service/",160,"Central Park North (110th St)","POINT (-73.95182200176913 40.79907499977324)","2-3","2,3-all times",-73.9518220017691,40.7990749997732
"160","http://web.mta.info/nyct/service/",161,"103rd St","POINT (-73.96137008267617 40.796060739904526)","A-B-C","A-nights, B-weekdays and evenings, C-all times exc nights",-73.9613700826762,40.7960607399045
"161","http://web.mta.info/nyct/service/",162,"72nd St","POINT (-73.98197000159583 40.77845300068614)","1-2-3","1,2,3-all times",-73.9819700015958,40.7784530006861
"162","http://web.mta.info/nyct/service/",163,"81st St","POINT (-73.97209794937208 40.78134608418206)","A-B-C","A-nights, B-weekdays and evenings, C-all times exc nights",-73.9720979493721,40.7813460841821
"163","http://web.mta.info/nyct/service/",164,"75th Ave","POINT (-73.83692369387158 40.71804465348743)","E-F","E-evenings, weekends, nights, F-all times",-73.8369236938716,40.7180446534874
"164","http://web.mta.info/nyct/service/",165,"86th St","POINT (-73.96882849429672 40.78582304678557)","A-B-C","A-nights, B-weekdays and evenings, C-all times exc nights",-73.9688284942967,40.7858230467856
"165","http://web.mta.info/nyct/service/",166,"Cathedral Pkwy (110th St)","POINT (-73.9668470005456 40.80396699961484)","1","1-all times",-73.9668470005456,40.8039669996148
"166","http://web.mta.info/nyct/service/",167,"116th St - Columbia University","POINT (-73.96410999757751 40.807722001230864)","1","1-all times",-73.9641099975775,40.8077220012309
"167","http://web.mta.info/nyct/service/",168,"125th St","POINT (-73.94549500011411 40.807753999182815)","2-3","2,3-all times",-73.9454950001141,40.8077539991828
"168","http://web.mta.info/nyct/service/",169,"135th St","POINT (-73.94077000106708 40.8142290003391)","2-3","2,3-all times",-73.9407700010671,40.8142290003391
"169","http://web.mta.info/nyct/service/",170,"116th St","POINT (-73.94962500096905 40.802097999133004)","2-3","2,3-all times",-73.949625000969,40.802097999133
"170","http://web.mta.info/nyct/service/",171,"Tremont Ave","POINT (-73.90522700122354 40.850409999510234)","B-D","B-rush hours, D-all times",-73.9052270012235,40.8504099995102
"171","http://web.mta.info/nyct/service/",172,"137th St - City College","POINT (-73.95367600087873 40.82200799968475)","1","1-all times",-73.9536760008787,40.8220079996848
"172","http://web.mta.info/nyct/service/",173,"145th St","POINT (-73.93624499873299 40.82042099969279)","3","3-all times, exit only northbound",-73.936244998733,40.8204209996928
"173","http://web.mta.info/nyct/service/",174,"176th St","POINT (-73.91179399884471 40.8484800012369)","4","4-all times",-73.9117939988447,40.8484800012369
"174","http://web.mta.info/nyct/service/",175,"Burnside Ave","POINT (-73.9076840015997 40.85345300155693)","4","4-all times",-73.9076840015997,40.8534530015569
"175","http://web.mta.info/nyct/service/",176,"170th St","POINT (-73.91339999846983 40.83930599964156)","B-D","B-rush hours, D-all times, skips rush hours AM southbound, PM northbound",-73.9133999984698,40.8393059996416
"176","http://web.mta.info/nyct/service/",177,"168th St","POINT (-73.94013299907257 40.840555999148535)","1","1-all times",-73.9401329990726,40.8405559991485
"177","http://web.mta.info/nyct/service/",178,"181st St","POINT (-73.9335959996056 40.84950499974065)","1","1-all times",-73.9335959996056,40.8495049997407
"178","http://web.mta.info/nyct/service/",179,"191st St","POINT (-73.92941199742039 40.85522500175836)","1","1-all times",-73.9294119974204,40.8552250017584
"179","http://web.mta.info/nyct/service/",180,"175th St","POINT (-73.93970399761596 40.84739100072403)","A","A-all times",-73.939703997616,40.847391000724
"180","http://web.mta.info/nyct/service/",181,"Beach 44th St","POINT (-73.77601299999507 40.59294299908617)","A","A-all times",-73.7760129999951,40.5929429990862
"181","http://web.mta.info/nyct/service/",182,"Beach 60th St","POINT (-73.7885219980118 40.59237400121235)","A","A-all times",-73.7885219980118,40.5923740012123
"182","http://web.mta.info/nyct/service/",183,"Beach 98th St","POINT (-73.82052058959523 40.58538569133279)","A-S","A-rush hours AM northbound, PM southbound, S Broad Channel to Rockaway Park-all times",-73.8205205895952,40.5853856913328
"183","http://web.mta.info/nyct/service/",184,"Rockaway Park - Beach 116 St","POINT (-73.83559008701239 40.580955865573515)","A-S","A-rush hours AM northbound, PM southbound, S to Broad Channel-all times",-73.8355900870124,40.5809558655735
"184","http://web.mta.info/nyct/service/",185,"Beach 36th St","POINT (-73.76817499939688 40.59539800166876)","A","A-all times",-73.7681749993969,40.5953980016688
"185","http://web.mta.info/nyct/service/",186,"Beach 25th St","POINT (-73.76135299762073 40.60006600105881)","A","A-all times",-73.7613529976207,40.6000660010588
"186","http://web.mta.info/nyct/service/",187,"Parsons Blvd","POINT (-73.80328900021885 40.707571999615695)","F","F-all times",-73.8032890002189,40.7075719996157
"187","http://web.mta.info/nyct/service/",188,"169th St","POINT (-73.79347419927721 40.710517502784)","F","F-all times",-73.7934741992772,40.710517502784
"188","http://web.mta.info/nyct/service/",189,"103rd St - Corona Plaza","POINT (-73.86269999830412 40.749865000555545)","7","7-all times",-73.8626999983041,40.7498650005555
"189","http://web.mta.info/nyct/service/",190,"111th St","POINT (-73.85533399834884 40.75172999941711)","7","7-all times",-73.8553339983488,40.7517299994171
"190","http://web.mta.info/nyct/service/",191,"63rd Dr - Rego Park","POINT (-73.86161820097203 40.729763972422425)","E-M-R","E-nights, R-all other times, M-weekdays and evenings",-73.861618200972,40.7297639724224
"191","http://web.mta.info/nyct/service/",192,"Grant Ave","POINT (-73.86504999877702 40.67704400054478)","A-S","A-all times, S Euclid Av to Ozone Park-Lefferts Blvd-nights",-73.865049998777,40.6770440005448
"192","http://web.mta.info/nyct/service/",193,"79th St","POINT (-73.97991700056134 40.78393399959032)","1-2","1-all times, 2-nights",-73.9799170005613,40.7839339995903
"193","http://web.mta.info/nyct/service/",194,"Atlantic Ave","POINT (-73.9030969995401 40.67534466640805)","L","L-all times",-73.9030969995401,40.6753446664081
"194","http://web.mta.info/nyct/service/",195,"Christopher St - Sheridan Sq","POINT (-74.00290599855235 40.73342200104225)","1-2","1-all times, 2-nights",-74.0029059985524,40.7334220010422
"195","http://web.mta.info/nyct/service/",196,"Ozone Park - Lefferts Blvd","POINT (-73.82579799906613 40.68595099878361)","A-S","S to Euclid Av-nights, A-all other times",-73.8257979990661,40.6859509987836
"196","http://web.mta.info/nyct/service/",197,"Times Sq - 42nd St","POINT (-73.98769099825152 40.755477001982506)","7-7 Express","7-all times, 7 Express-rush hours AM westbound, PM eastbound",-73.9876909982515,40.7554770019825
"197","http://web.mta.info/nyct/service/",198,"W 8th St - NY Aquarium","POINT (-73.97595787413822 40.576033818103646)","F-Q","F,Q-all times",-73.9759578741382,40.5760338181036
"198","http://web.mta.info/nyct/service/",199,"28th St","POINT (-73.99336500134324 40.74721499918219)","1-2","1-all times, 2-nights",-73.9933650013432,40.7472149991822
"199","http://web.mta.info/nyct/service/",200,"28th St","POINT (-73.98426400110407 40.743069999259035)","4-6-6 Express","4 nights, 6-all times, 6 Express-weekdays AM southbound, PM northbound",-73.9842640011041,40.743069999259
"200","http://web.mta.info/nyct/service/",201,"Pelham Bay Park","POINT (-73.82812100059289 40.85246199951662)","6-6 Express","6 Express-weekdays AM southbound, PM northbound, 6-all other times",-73.8281210005929,40.8524619995166
"201","http://web.mta.info/nyct/service/",202,"Westchester Sq - E Tremont Ave","POINT (-73.84295199925012 40.839892001013915)","6-6 Express","6 Express-weekdays AM southbound, PM northbound, 6-all other times",-73.8429519992501,40.8398920010139
"202","http://web.mta.info/nyct/service/",203,"18th St","POINT (-73.99787100060406 40.741039999802105)","1-2","1-all times, 2-nights",-73.9978710006041,40.7410399998021
"203","http://web.mta.info/nyct/service/",204,"Grand Central - 42nd St","POINT (-73.97604100111508 40.751431000286864)","7-7 Express","7-all times, 7 Express-rush hours AM westbound, PM eastbound",-73.9760410011151,40.7514310002869
"204","http://web.mta.info/nyct/service/",205,"Beach 67th St","POINT (-73.7969239998421 40.59092700078133)","A","A-all times",-73.7969239998421,40.5909270007813
"205","http://web.mta.info/nyct/service/",206,"W 4th St - Washington Sq (Upper)","POINT (-74.00049500225435 40.73233799774325)","A-C-E","A,E-all times, C-all times exc nights",-74.0004950022544,40.7323379977433
"206","http://web.mta.info/nyct/service/",207,"85th St - Forest Pky","POINT (-73.86008700006875 40.69242699966103)","J","J-all times",-73.8600870000687,40.692426999661
"207","http://web.mta.info/nyct/service/",208,"Woodhaven Blvd","POINT (-73.85205199740794 40.69370399880105)","J-Z","J-all times, Z-rush hours AM westbound, PM eastbound",-73.8520519974079,40.693703998801
"208","http://web.mta.info/nyct/service/",209,"111th St","POINT (-73.83679338454697 40.697114810696476)","J","J-all times",-73.836793384547,40.6971148106965
"209","http://web.mta.info/nyct/service/",210,"121st St","POINT (-73.82834900017954 40.700481998515315)","J-Z","Z-rush hours AM westbound, PM eastbound, J-all other times",-73.8283490001795,40.7004819985153
"210","http://web.mta.info/nyct/service/",211,"Halsey St","POINT (-73.90393400118631 40.69551800114878)","L","L-all times",-73.9039340011863,40.6955180011488
"211","http://web.mta.info/nyct/service/",212,"Myrtle - Wyckoff Aves","POINT (-73.9109757182647 40.699471062427136)","L","L-all times",-73.9109757182647,40.6994710624271
"212","http://web.mta.info/nyct/service/",213,"New Lots Ave","POINT (-73.88411070800329 40.6663149325969)","3-4","4-nights, 3-all other times",-73.8841107080033,40.6663149325969
"213","http://web.mta.info/nyct/service/",214,"Van Siclen Ave","POINT (-73.8903580002471 40.67270999906104)","A-C","A-nights, C-all other times",-73.8903580002471,40.672709999061
"214","http://web.mta.info/nyct/service/",215,"Cleveland St","POINT (-73.8851940021643 40.679777998961164)","J","J-all times",-73.8851940021643,40.6797779989612
"215","http://web.mta.info/nyct/service/",216,"Livonia Ave","POINT (-73.90056237226057 40.66405727094644)","L","L-all times",-73.9005623722606,40.6640572709464
"216","http://web.mta.info/nyct/service/",217,"Junius St","POINT (-73.90244864183562 40.66358900181724)","3-4","4-nights, 3-all other times",-73.9024486418356,40.6635890018172
"217","http://web.mta.info/nyct/service/",218,"Rockaway Ave","POINT (-73.90895833584449 40.66261748815223)","3-4","4-nights, 3-all other times",-73.9089583358445,40.6626174881522
"218","http://web.mta.info/nyct/service/",219,"Canarsie - Rockaway Pkwy","POINT (-73.90185000017287 40.64665366739528)","L","L-all times",-73.9018500001729,40.6466536673953
"219","http://web.mta.info/nyct/service/",220,"E 105th St","POINT (-73.89954769388724 40.65046878544699)","L","L-all times",-73.8995476938872,40.650468785447
"220","http://web.mta.info/nyct/service/",221,"Saratoga Ave","POINT (-73.91633025007947 40.6615297898075)","3-4","4-nights, 3-all other times",-73.9163302500795,40.6615297898075
"221","http://web.mta.info/nyct/service/",222,"Sutter Ave - Rutland Road","POINT (-73.92252118536001 40.66476678877493)","3-4","4-nights, 3-all other times",-73.92252118536,40.6647667887749
"222","http://web.mta.info/nyct/service/",223,"New Lots Ave","POINT (-73.89927796057142 40.65891477368527)","L","L-all times",-73.8992779605714,40.6589147736853
"223","http://web.mta.info/nyct/service/",224,"Broadway Junction","POINT (-73.90428999746412 40.67936600147369)","J-Z","J-all times, Z-rush hours AM westbound, PM eastbound",-73.9042899974641,40.6793660014737
"224","http://web.mta.info/nyct/service/",225,"Alabama Ave","POINT (-73.89852600159652 40.676998000003756)","J","J-all times",-73.8985260015965,40.6769980000038
"225","http://web.mta.info/nyct/service/",226,"Shepherd Ave","POINT (-73.88074999747269 40.6741300014559)","A-C","A-nights, C-all other times",-73.8807499974727,40.6741300014559
"226","http://web.mta.info/nyct/service/",227,"Crescent St","POINT (-73.87392925215778 40.68315265707736)","J-Z","J-all times, Z-rush hours AM westbound, PM eastbound",-73.8739292521578,40.6831526570774
"227","http://web.mta.info/nyct/service/",228,"Cypress Hills","POINT (-73.87332199882995 40.689616000838754)","J","J-all times",-73.87332199883,40.6896160008388
"228","http://web.mta.info/nyct/service/",229,"75th St - Eldert Ln","POINT (-73.86728799944963 40.691290001246735)","J-Z","Z-rush hours AM westbound, PM eastbound, J-all other times",-73.8672879994496,40.6912900012467
"229","http://web.mta.info/nyct/service/",230,"69th St","POINT (-73.8964029993185 40.746324999410284)","7","7-all times",-73.8964029993185,40.7463249994103
"230","http://web.mta.info/nyct/service/",231,"74th St - Broadway","POINT (-73.8912051289911 40.746867573829114)","7","7-all times",-73.8912051289911,40.7468675738291
"231","http://web.mta.info/nyct/service/",232,"Woodhaven Blvd - Queens Mall","POINT (-73.86943208612348 40.73309737380972)","E-M-R","E-nights, R-all other times, M-weekdays and evenings",-73.8694320861235,40.7330973738097
"232","http://web.mta.info/nyct/service/",233,"Myrtle - Wyckoff Aves","POINT (-73.91217899939602 40.69945400090837)","M","M-all times",-73.912178999396,40.6994540009084
"233","http://web.mta.info/nyct/service/",234,"Seneca Ave","POINT (-73.90758199885423 40.70291899894902)","M","M-all times",-73.9075819988542,40.702918998949
"234","http://web.mta.info/nyct/service/",235,"DeKalb Ave","POINT (-73.91823200219723 40.70369299961644)","L","L-all times",-73.9182320021972,40.7036929996164
"235","http://web.mta.info/nyct/service/",236,"52nd St","POINT (-73.91254899891254 40.744149001021576)","7","7-all times",-73.9125489989125,40.7441490010216
"236","http://web.mta.info/nyct/service/",237,"46th St","POINT (-73.91352174995538 40.756316952608096)","E-M-R","E-nights, R-all other times, M-weekdays and evenings",-73.9135217499554,40.7563169526081
"237","http://web.mta.info/nyct/service/",238,"Northern Blvd","POINT (-73.90606508052358 40.752824829236076)","E-M-R","E-nights, R-all other times, M-weekdays and evenings",-73.9060650805236,40.7528248292361
"238","http://web.mta.info/nyct/service/",239,"46th St","POINT (-73.91843500103973 40.74313200060382)","7","7-all times",-73.9184350010397,40.7431320006038
"239","http://web.mta.info/nyct/service/",240,"82nd St - Jackson Hts","POINT (-73.88369700071884 40.747658999559135)","7","7-all times",-73.8836970007188,40.7476589995591
"240","http://web.mta.info/nyct/service/",241,"90th St - Elmhurst Av","POINT (-73.87661299986985 40.74840800060913)","7","7-all times",-73.8766129998698,40.7484080006091
"241","http://web.mta.info/nyct/service/",242,"Howard Beach - JFK Airport","POINT (-73.83030100071032 40.66047600004959)","A","A-all times",-73.8303010007103,40.6604760000496
"242","http://web.mta.info/nyct/service/",243,"Aqueduct - North Conduit Av","POINT (-73.83405799948723 40.668234001699815)","A","A-all times",-73.8340579994872,40.6682340016998
"243","http://web.mta.info/nyct/service/",244,"Briarwood - Van Wyck Blvd","POINT (-73.82069263637443 40.70916181536946)","E-F","E-evenings, weekends, nights, F-all times",-73.8206926363744,40.7091618153695
"244","http://web.mta.info/nyct/service/",245,"Forest Hills - 71st Av","POINT (-73.84451672012669 40.72159430953587)","E-F-M-R","E,F-all times, M-weekdays and evenings, R-all times exc nights",-73.8445167201267,40.7215943095359
"245","http://web.mta.info/nyct/service/",246,"Sutphin Blvd","POINT (-73.81083299897232 40.70541799906764)","F","F-all times",-73.8108329989723,40.7054179990676
"246","http://web.mta.info/nyct/service/",247,"Jamaica Ctr - Parsons / Archer","POINT (-73.80109632298924 40.70206737621188)","E-J-Z","E,J-all times, Z-rush hours AM westbound, PM eastbound",-73.8010963229892,40.7020673762119
"247","http://web.mta.info/nyct/service/",248,"225th St","POINT (-73.86021461772737 40.88802825863786)","2-5","2-all times, 5-rush hours AM southbound, PM northbound",-73.8602146177274,40.8880282586379
"248","http://web.mta.info/nyct/service/",249,"Elder Ave","POINT (-73.87915899874777 40.82858400108929)","6","6-all times",-73.8791589987478,40.8285840010893
"249","http://web.mta.info/nyct/service/",250,"Longwood Ave","POINT (-73.89643499897414 40.816103999972405)","6","6-all times",-73.8964349989741,40.8161039999724
"250","http://web.mta.info/nyct/service/",251,"Astoria Blvd","POINT (-73.91809500109238 40.77003699949086)","N-W","N-all times, W part time",-73.9180950010924,40.7700369994909
"251","http://web.mta.info/nyct/service/",252,"Astoria - Ditmars Blvd","POINT (-73.9120340001031 40.775035666523664)","N-W","N-all times, W part time",-73.9120340001031,40.7750356665237
"252","http://web.mta.info/nyct/service/",253,"Jackson Ave","POINT (-73.9077019387083 40.81643746686396)","2-5","2-all times, 5-all times exc nights, skips rush hours AM southbound, PM northbound",-73.9077019387083,40.816437466864
"253","http://web.mta.info/nyct/service/",254,"Prospect Ave","POINT (-73.90177778730917 40.81948726483844)","2-5","2-all times, 5-all times exc nights, skips rush hours AM southbound, PM northbound",-73.9017777873092,40.8194872648384
"254","http://web.mta.info/nyct/service/",255,"Cypress Ave","POINT (-73.91404199994753 40.8053680007636)","6","6-all times",-73.9140419999475,40.8053680007636
"255","http://web.mta.info/nyct/service/",256,"174th St","POINT (-73.88769359812888 40.837195550170605)","2-5","2-all times, 5-all times exc nights, skips rush hours AM southbound, PM northbound",-73.8876935981289,40.8371955501706
"256","http://web.mta.info/nyct/service/",257,"Allerton Ave","POINT (-73.86723422851625 40.86548337793927)","2-5","2-all times, 5-rush hours AM southbound, PM northbound",-73.8672342285163,40.8654833779393
"257","http://web.mta.info/nyct/service/",258,"E 143rd St - St Mary's St","POINT (-73.90765699936489 40.80871900090143)","6","6-all times",-73.9076569993649,40.8087190009014
"258","http://web.mta.info/nyct/service/",259,"Kingsbridge Rd","POINT (-73.89717400101743 40.867760000885795)","4","4-all times",-73.8971740010174,40.8677600008858
"259","http://web.mta.info/nyct/service/",260,"Bedford Park Blvd - Lehman College","POINT (-73.89006400069478 40.87341199980121)","4","4-all times",-73.8900640006948,40.8734119998012
"260","http://web.mta.info/nyct/service/",261,"Harlem - 148 St","POINT (-73.93647000005559 40.82388000080457)","3","3-all times",-73.9364700000556,40.8238800008046
"261","http://web.mta.info/nyct/service/",262,"Mt Eden Ave","POINT (-73.9146849986034 40.84443400092679)","4","4-all times",-73.9146849986034,40.8444340009268
"262","http://web.mta.info/nyct/service/",263,"Fordham Rd","POINT (-73.89774900102401 40.861295998683495)","B-D","B-rush hours, D-all times",-73.897749001024,40.8612959986835
"263","http://web.mta.info/nyct/service/",264,"170th St","POINT (-73.91779099745928 40.84007499993004)","4","4-all times",-73.9177909974593,40.84007499993
"264","http://web.mta.info/nyct/service/",265,"Bedford Park Blvd","POINT (-73.88713799889574 40.87324399861646)","B-D","B-rush hours, D-all times",-73.8871379988957,40.8732439986165
"265","http://web.mta.info/nyct/service/",266,"Marble Hill - 225th St","POINT (-73.90983099923551 40.87456099941789)","1","1-all times",-73.9098309992355,40.8745609994179
"266","http://web.mta.info/nyct/service/",267,"231st St","POINT (-73.90483400107873 40.87885599817935)","1","1-all times",-73.9048340010787,40.8788559981793
"267","http://web.mta.info/nyct/service/",268,"215th St","POINT (-73.91527899954356 40.86944399946045)","1","1-all times",-73.9152789995436,40.8694439994605
"268","http://web.mta.info/nyct/service/",269,"207th St","POINT (-73.91881900132312 40.864614000525854)","1","1-all times",-73.9188190013231,40.8646140005259
"269","http://web.mta.info/nyct/service/",270,"Inwood - 207th St","POINT (-73.91989900100465 40.86807199999737)","A","A-all times",-73.9198990010047,40.8680719999974
"270","http://web.mta.info/nyct/service/",271,"Van Cortlandt Park - 242nd St","POINT (-73.89858300049647 40.88924800011476)","1","1-all times",-73.8985830004965,40.8892480001148
"271","http://web.mta.info/nyct/service/",272,"West Farms Sq - E Tremont Av","POINT (-73.87996127877184 40.84020763241799)","2-5","2-all times, 5-all times exc nights, skips rush hours AM southbound, PM northbound",-73.8799612787718,40.840207632418
"272","http://web.mta.info/nyct/service/",273,"219th St","POINT (-73.8625097078866 40.883887974625274)","2-5","2-all times, 5-rush hours AM southbound, PM northbound",-73.8625097078866,40.8838879746253
"273","http://web.mta.info/nyct/service/",274,"Mosholu Pkwy","POINT (-73.88465499988732 40.87974999947229)","4","4-all times",-73.8846549998873,40.8797499994723
"274","http://web.mta.info/nyct/service/",275,"Norwood - 205th St","POINT (-73.87885499918691 40.87481100011182)","D","D-all times",-73.8788549991869,40.8748110001118
"275","http://web.mta.info/nyct/service/",276,"Burke Ave","POINT (-73.86705361747603 40.87125880254771)","2-5","2-all times, 5-rush hours AM southbound, PM northbound",-73.867053617476,40.8712588025477
"276","http://web.mta.info/nyct/service/",277,"Baychester Ave","POINT (-73.83859099802153 40.87866300037311)","5","5-all times",-73.8385909980215,40.8786630003731
"277","http://web.mta.info/nyct/service/",278,"Eastchester - Dyre Ave","POINT (-73.8308340021742 40.88829999901007)","5","5-all times",-73.8308340021742,40.8882999990101
"278","http://web.mta.info/nyct/service/",279,"Jamaica - 179th St","POINT (-73.78381700176453 40.712645666744045)","F","F-all times",-73.7838170017645,40.712645666744
"279","http://web.mta.info/nyct/service/",280,"Wakefield - 241st St","POINT (-73.8506199987954 40.903125000541245)","2","2-all times",-73.8506199987954,40.9031250005412
"280","http://web.mta.info/nyct/service/",281,"Botanic Garden","POINT (-73.95924499945693 40.670342666584396)","S","S Franklin Av-Fulton St to Prospect Park-all times",-73.9592449994569,40.6703426665844
"281","http://web.mta.info/nyct/service/",282,"Bushwick - Aberdeen","POINT (-73.90526176305106 40.68286062551184)","L","L-all times",-73.9052617630511,40.6828606255118
"282","http://web.mta.info/nyct/service/",283,"Broadway Junction","POINT (-73.90311757920684 40.67845624842869)","L","L-all times",-73.9031175792068,40.6784562484287
"283","http://web.mta.info/nyct/service/",284,"Gun Hill Rd","POINT (-73.84638400151765 40.86952599962676)","5","5-all times",-73.8463840015176,40.8695259996268
"284","http://web.mta.info/nyct/service/",285,"E 180th St","POINT (-73.87334609510884 40.8418630412186)","2-5","2,5-all times",-73.8733460951088,40.8418630412186
"285","http://web.mta.info/nyct/service/",286,"Dyckman St","POINT (-73.92553600006474 40.86053100138796)","1","1-all times",-73.9255360000647,40.860531001388
"286","http://web.mta.info/nyct/service/",287,"125th St","POINT (-73.95837200097044 40.815580999978934)","1","1-all times",-73.9583720009704,40.8155809999789
"287","http://web.mta.info/nyct/service/",288,"Franklin Ave - Fulton St","POINT (-73.95582700110425 40.68059566598263)","S","S to Prospect Park-all times",-73.9558270011043,40.6805956659826
"288","http://web.mta.info/nyct/service/",289,"149th St - Grand Concourse","POINT (-73.92672247438611 40.81833014409742)","2-5","2-all times, 5-all times exc nights",-73.9267224743861,40.8183301440974
"289","http://web.mta.info/nyct/service/",290,"3rd Ave - 149th St","POINT (-73.91779152760981 40.816029252510006)","2-5","2-all times, 5-all times exc nights",-73.9177915276098,40.81602925251
"290","http://web.mta.info/nyct/service/",291,"167th St","POINT (-73.92139999784426 40.83553699933672)","4","4-all times",-73.9213999978443,40.8355369993367
"291","http://web.mta.info/nyct/service/",292,"Brook Ave","POINT (-73.91923999909432 40.80756599987699)","6","6-all times",-73.9192399990943,40.807565999877
"292","http://web.mta.info/nyct/service/",293,"33rd St","POINT (-73.93099699953838 40.74458699983993)","7","7-all times",-73.9309969995384,40.7445869998399
"293","http://web.mta.info/nyct/service/",294,"40th St","POINT (-73.9240159984882 40.74378100149132)","7","7-all times",-73.9240159984882,40.7437810014913
"294","http://web.mta.info/nyct/service/",295,"145th St","POINT (-73.94408792823116 40.824766360871905)","A-B-C-D","A,D-all times, B-weekdays and evenings, C-all times exc nights",-73.9440879282312,40.8247663608719
"295","http://web.mta.info/nyct/service/",296,"155th St","POINT (-73.93820899811622 40.8301349999812)","B-D","B-rush hours, D-all times, skips rush hours AM southbound, PM northbound",-73.9382089981162,40.8301349999812
"296","http://web.mta.info/nyct/service/",297,"161st St - Yankee Stadium","POINT (-73.92565099775477 40.827904998845845)","B-D","B-rush hours, D-all times, skips rush hours AM southbound, PM northbound",-73.9256509977548,40.8279049988458
"297","http://web.mta.info/nyct/service/",298,"Utica Ave","POINT (-73.93072899914027 40.67936399950546)","A-C","A-all times, C-all times exc nights",-73.9307289991403,40.6793639995055
"298","http://web.mta.info/nyct/service/",299,"Steinway St","POINT (-73.9205264716827 40.75698735912575)","E-M-R","E-nights, R-all other times, M-weekdays and evenings",-73.9205264716827,40.7569873591258
"299","http://web.mta.info/nyct/service/",300,"Kosciuszko St","POINT (-73.92850899927413 40.69317200129202)","J","J-all times",-73.9285089992741,40.693172001292
"300","http://web.mta.info/nyct/service/",301,"Gates Ave","POINT (-73.92215600150752 40.689583999013905)","J-Z","Z-rush hours AM westbound, PM eastbound, J-all other times",-73.9221560015075,40.6895839990139
"301","http://web.mta.info/nyct/service/",302,"Central Ave","POINT (-73.92724299902838 40.69787300011831)","M","M-all times",-73.9272429990284,40.6978730001183
"302","http://web.mta.info/nyct/service/",303,"Knickerbocker Ave","POINT (-73.91972000188625 40.69866000123805)","M","M-all times",-73.9197200018862,40.6986600012381
"303","http://web.mta.info/nyct/service/",304,"30th Ave","POINT (-73.9214790001739 40.76677866673298)","N-W","N-all times, W part time",-73.9214790001739,40.766778666733
"304","http://web.mta.info/nyct/service/",305,"Jefferson St","POINT (-73.9229130000312 40.706606665988716)","L","L-all times",-73.9229130000312,40.7066066659887
"305","http://web.mta.info/nyct/service/",306,"Morgan Ave","POINT (-73.93314700024209 40.70615166680729)","L","L-all times",-73.9331470002421,40.7061516668073
"306","http://web.mta.info/nyct/service/",307,"Queens Plz","POINT (-73.93713823965695 40.74891771986323)","E-M-R","E-all times, M-weekdays and evenings, R-all times exc nights",-73.9371382396569,40.7489177198632
"307","http://web.mta.info/nyct/service/",308,"18th Ave","POINT (-73.97697099965796 40.62975466638584)","F","F-all times",-73.976970999658,40.6297546663858
"308","http://web.mta.info/nyct/service/",309,"77th St","POINT (-74.0255099996266 40.629741666886915)","R","R-all times",-74.0255099996266,40.6297416668869
"309","http://web.mta.info/nyct/service/",310,"Bay Ridge Ave","POINT (-74.02337699950728 40.63496666682377)","R","R-all times",-74.0233769995073,40.6349666668238
"310","http://web.mta.info/nyct/service/",311,"50th St","POINT (-73.9946587805514 40.636260890961395)","D","D-all times",-73.9946587805514,40.6362608909614
"311","http://web.mta.info/nyct/service/",312,"Ft Hamilton Pkwy","POINT (-74.00535100046275 40.63138566722445)","N","N-all times",-74.0053510004628,40.6313856672244
"312","http://web.mta.info/nyct/service/",313,"25th Ave","POINT (-73.98682900011477 40.59770366695856)","D","D-all times",-73.9868290001148,40.5977036669586
"313","http://web.mta.info/nyct/service/",314,"Bay Pky","POINT (-73.9936762000529 40.601950461572315)","D","D-all times",-73.9936762000529,40.6019504615723
"314","http://web.mta.info/nyct/service/",315,"20th Ave","POINT (-73.98452199846113 40.617108999866005)","N","N-all times",-73.9845219984611,40.617108999866
"315","http://web.mta.info/nyct/service/",316,"18th Ave","POINT (-73.99045399865993 40.620686997680025)","N","N-all times",-73.9904539986599,40.62068699768
"316","http://web.mta.info/nyct/service/",317,"Bay Ridge - 95th St","POINT (-74.03087600085765 40.61662166725951)","R","R-all times",-74.0308760008576,40.6166216672595
"317","http://web.mta.info/nyct/service/",318,"86th St","POINT (-74.0283979999864 40.62268666715025)","R","R-all times",-74.0283979999864,40.6226866671502
"318","http://web.mta.info/nyct/service/",319,"79th St","POINT (-74.00058287431507 40.61315892569516)","D","D-all times",-74.0005828743151,40.6131589256952
"319","http://web.mta.info/nyct/service/",320,"71st St","POINT (-73.99884094850685 40.61925870977273)","D","D-all times",-73.9988409485069,40.6192587097727
"320","http://web.mta.info/nyct/service/",321,"20th Ave","POINT (-73.99817432157568 40.60467699816932)","D","D-all times",-73.9981743215757,40.6046769981693
"321","http://web.mta.info/nyct/service/",322,"18th Ave","POINT (-74.00159259239406 40.60773573171741)","D","D-all times",-74.0015925923941,40.6077357317174
"322","http://web.mta.info/nyct/service/",323,"62nd St","POINT (-73.99685724994863 40.626224462922195)","D","D-all times",-73.9968572499486,40.6262244629222
"323","http://web.mta.info/nyct/service/",324,"New Utrecht Ave","POINT (-73.99635300025969 40.62484166725887)","N","N-all times",-73.9963530002597,40.6248416672589
"324","http://web.mta.info/nyct/service/",325,"Ave U","POINT (-73.97337641974885 40.59592482551748)","F","F-all times",-73.9733764197488,40.5959248255175
"325","http://web.mta.info/nyct/service/",326,"Kings Hwy","POINT (-73.9723553085244 40.603258405128265)","F","F-all times",-73.9723553085244,40.6032584051283
"326","http://web.mta.info/nyct/service/",327,"Brighton Beach","POINT (-73.96135378598797 40.577710196642435)","B-Q","B-weekdays and evenings, Q-all times",-73.961353785988,40.5777101966424
"327","http://web.mta.info/nyct/service/",328,"Sheepshead Bay","POINT (-73.95405791257907 40.58654754707536)","B-Q","B-weekdays and evenings, Q-all times",-73.9540579125791,40.5865475470754
"328","http://web.mta.info/nyct/service/",329,"Ave U","POINT (-73.95581122316301 40.59930895095475)","Q","Q-all times",-73.955811223163,40.5993089509548
"329","http://web.mta.info/nyct/service/",330,"Kings Hwy","POINT (-73.95760873538083 40.608638645396006)","B-Q","B-weekdays and evenings, Q-all times",-73.9576087353808,40.608638645396
"330","http://web.mta.info/nyct/service/",331,"Ave U","POINT (-73.97908400099428 40.597235999920436)","N","N-all times",-73.9790840009943,40.5972359999204
"331","http://web.mta.info/nyct/service/",332,"Kings Hwy","POINT (-73.98037300229343 40.60405899980493)","N","N-all times",-73.9803730022934,40.6040589998049
"332","http://web.mta.info/nyct/service/",333,"Neptune Ave","POINT (-73.97459272818807 40.580738758491464)","F","F-all times",-73.9745927281881,40.5807387584915
"333","http://web.mta.info/nyct/service/",334,"Ave X","POINT (-73.97426599968905 40.589449666625285)","F","F-all times",-73.9742659996891,40.5894496666253
"334","http://web.mta.info/nyct/service/",335,"Bay 50th St","POINT (-73.98376500045946 40.58884066651933)","D","D-all times",-73.9837650004595,40.5888406665193
"335","http://web.mta.info/nyct/service/",336,"Gravesend - 86th St","POINT (-73.97818899936274 40.59246500088859)","N","N-all times",-73.9781889993627,40.5924650008886
"336","http://web.mta.info/nyct/service/",337,"Ave P","POINT (-73.97300281528751 40.608842808949916)","F","F-all times",-73.9730028152875,40.6088428089499
"337","http://web.mta.info/nyct/service/",338,"Ave N","POINT (-73.97404850873143 40.61435671190883)","F","F-all times",-73.9740485087314,40.6143567119088
"338","http://web.mta.info/nyct/service/",339,"Bay Pky","POINT (-73.9752569782215 40.62073162316788)","F","F-all times",-73.9752569782215,40.6207316231679
"339","http://web.mta.info/nyct/service/",340,"Ave M","POINT (-73.9592431052215 40.617397744443736)","Q","Q-all times",-73.9592431052215,40.6173977444437
"340","http://web.mta.info/nyct/service/",341,"Bay Pky","POINT (-73.98178001069293 40.61145578989005)","N","N-all times",-73.9817800106929,40.6114557898901
"341","http://web.mta.info/nyct/service/",342,"Ave I","POINT (-73.97606933170925 40.62501744019143)","F","F-all times",-73.9760693317093,40.6250174401914
"342","http://web.mta.info/nyct/service/",343,"Ave J","POINT (-73.96069316246925 40.625022819915166)","Q","Q-all times",-73.9606931624693,40.6250228199152
"343","http://web.mta.info/nyct/service/",344,"Ave H","POINT (-73.96151793942495 40.62920837758969)","Q","Q-all times",-73.961517939425,40.6292083775897
"344","http://web.mta.info/nyct/service/",345,"Neck Rd","POINT (-73.95507827493762 40.59532169111695)","Q","Q-all times",-73.9550782749376,40.595321691117
"345","http://web.mta.info/nyct/service/",346,"21st St - Queensbridge","POINT (-73.94193761457447 40.75373927087553)","F","F-all times",-73.9419376145745,40.7537392708755
"346","http://web.mta.info/nyct/service/",347,"50th St","POINT (-73.98598400026407 40.76245599925997)","A-C-E","A-nights, C-all other times, E-all times",-73.9859840002641,40.76245599926
"347","http://web.mta.info/nyct/service/",348,"7th Ave","POINT (-73.98169782344476 40.76297015245628)","B-D-E","D,E-all times, B-weekdays and evenings",-73.9816978234448,40.7629701524563
"348","http://web.mta.info/nyct/service/",349,"47th-50th Sts - Rockefeller Ctr","POINT (-73.98133100227702 40.75864100159815)","B-D-F-M","B,M-weekdays and evenings, D,F-all times",-73.981331002277,40.7586410015981
"349","http://web.mta.info/nyct/service/",350,"57th St","POINT (-73.97736800085171 40.76408500081713)","F","F-all times",-73.9773680008517,40.7640850008171
"350","http://web.mta.info/nyct/service/",351,"Lexington Ave - 63rd St","POINT (-73.96608964413245 40.76461809442373)","F-Q","F-all times, Q all times",-73.9660896441325,40.7646180944237
"351","http://web.mta.info/nyct/service/",352,"Roosevelt Island - Main St","POINT (-73.95323499978866 40.75917199967108)","F","F-all times",-73.9532349997887,40.7591719996711
"352","http://web.mta.info/nyct/service/",353,"59th St - Columbus Circle","POINT (-73.98164872301398 40.768249531776064)","A-B-C-D","A,D-all times, B-weekdays and evenings, C-all times exc nights",-73.981648723014,40.7682495317761
"353","http://web.mta.info/nyct/service/",354,"49th St","POINT (-73.98420956591096 40.759801973870694)","N-Q-R-W","N-all times, Q-all times exc weekends, R-all times exc nights, W part time",-73.984209565911,40.7598019738707
"354","http://web.mta.info/nyct/service/",355,"57th St","POINT (-73.98072973372128 40.76456552501829)","N-Q-R-W","N,Q-all times, R-all times exc nights, W part time",-73.9807297337213,40.7645655250183
"355","http://web.mta.info/nyct/service/",356,"5th Ave - 59th St","POINT (-73.97334700047045 40.764810999755284)","N-R-W","N-all times, R-all times exc nights, W part time",-73.9733470004705,40.7648109997553
"356","http://web.mta.info/nyct/service/",357,"Lexington Ave - 59th St","POINT (-73.96737501711436 40.762708855394564)","N-R-W","N-all times, R-all times exc nights, W part time",-73.9673750171144,40.7627088553946
"357","http://web.mta.info/nyct/service/",358,"34th St - Penn Station","POINT (-73.99105699913983 40.75037300003949)","1-2-3","1,2,3-all times",-73.9910569991398,40.7503730000395
"358","http://web.mta.info/nyct/service/",359,"Times Sq - 42nd St","POINT (-73.98749500051885 40.75528999995681)","1-2-3","1,2,3-all times",-73.9874950005188,40.7552899999568
"359","http://web.mta.info/nyct/service/",360,"Fulton St","POINT (-74.00762309323994 40.71016216530185)","A-C","A-all times, C-all times exc nights",-74.0076230932399,40.7101621653019
"360","http://web.mta.info/nyct/service/",361,"Chambers St","POINT (-74.00858473570133 40.714111000774025)","A-C","A-all times, C-all times exc nights",-74.0085847357013,40.714111000774
"361","http://web.mta.info/nyct/service/",362,"42nd St - Port Authority Bus Term","POINT (-73.98973500085859 40.757307998551504)","A-C-E","A,E-all times, C-all times exc nights",-73.9897350008586,40.7573079985515
"362","http://web.mta.info/nyct/service/",363,"Myrtle-Willoughby Aves","POINT (-73.94906699890156 40.69461899903765)","G","G-all times",-73.9490669989016,40.6946189990377
"363","http://web.mta.info/nyct/service/",364,"Flushing Ave","POINT (-73.9502340010257 40.70037666622154)","G","G-all times",-73.9502340010257,40.7003766662215
"364","http://web.mta.info/nyct/service/",365,"23rd St","POINT (-73.99276500471389 40.742954317826005)","F-M","F-all times, M-weekdays and evenings",-73.9927650047139,40.742954317826
"365","http://web.mta.info/nyct/service/",366,"Herald Sq - 34th St","POINT (-73.98777189072918 40.74978939990011)","B-D-F-M","B,M-weekdays and evenings, D,F-all times",-73.9877718907292,40.7497893999001
"366","http://web.mta.info/nyct/service/",367,"Hoyt - Schermerhorn Sts","POINT (-73.98503624034139 40.68840847580642)","A-C-G","A,G-all times, C-all times exc nights",-73.9850362403414,40.6884084758064
"367","http://web.mta.info/nyct/service/",368,"Jay St - MetroTech","POINT (-73.98721815267317 40.692470636847084)","A-C-F","A,F-all times, C-all times exc nights",-73.9872181526732,40.6924706368471
"368","http://web.mta.info/nyct/service/",369,"East Broadway","POINT (-73.99017700122197 40.713855001020406)","F","F-all times",-73.990177001222,40.7138550010204
"369","http://web.mta.info/nyct/service/",370,"Delancey St - Essex St","POINT (-73.98807806807719 40.71868074219453)","F","F-all times",-73.9880780680772,40.7186807421945
"370","http://web.mta.info/nyct/service/",371,"Lower East Side - 2nd Ave","POINT (-73.98993800003434 40.72340166574911)","F","F-all times",-73.9899380000343,40.7234016657491
"371","http://web.mta.info/nyct/service/",372,"Flushing Ave","POINT (-73.94137734838365 40.70040440298112)","J-M","J-all times, skips weekdays AM westbound, PM eastbound, M-all times exc nights",-73.9413773483837,40.7004044029811
"372","http://web.mta.info/nyct/service/",373,"Myrtle Ave","POINT (-73.9356230012996 40.6971950005145)","J-M-Z","J,M-all times, Z-rush hours AM westbound, PM eastbound",-73.9356230012996,40.6971950005145
"373","http://web.mta.info/nyct/service/",374,"4th Av - 9th St","POINT (-73.98977899938897 40.67027166728493)","F-G","F,G-all times",-73.989778999389,40.6702716672849
"374","http://web.mta.info/nyct/service/",375,"Smith - 9th Sts","POINT (-73.99589172790934 40.67364106090412)","F-G","F,G-all times",-73.9958917279093,40.6736410609041
"375","http://web.mta.info/nyct/service/",376,"Bergen St","POINT (-73.99075649573565 40.68611054725977)","F-G","F,G-all times",-73.9907564957357,40.6861105472598
"376","http://web.mta.info/nyct/service/",377,"Jay St - MetroTech","POINT (-73.98605667854612 40.69225539645323)","N-R","N-nights, R-all other times",-73.9860566785461,40.6922553964532
"377","http://web.mta.info/nyct/service/",378,"Court St","POINT (-73.99181830901125 40.694196480776995)","N-R","N-nights, R-all other times",-73.9918183090113,40.694196480777
"378","http://web.mta.info/nyct/service/",379,"Union Sq - 14th St","POINT (-73.99053886181645 40.73587226699812)","N-Q-R-W","N,Q-all times, R-all times exc nights",-73.9905388618164,40.7358722669981
"379","http://web.mta.info/nyct/service/",380,"23rd St","POINT (-73.98934400102907 40.74130266729)","N-Q-R-W","N-all times, Q-nights, R-all times exc nights",-73.9893440010291,40.74130266729
"380","http://web.mta.info/nyct/service/",381,"Prospect Ave","POINT (-73.99287200067424 40.66541366712979)","D-N-R","D,N-nights, R-all other times",-73.9928720006742,40.6654136671298
"381","http://web.mta.info/nyct/service/",382,"4th Av - 9th St","POINT (-73.98830199974512 40.670846666842756)","D-N-R","D,N-nights, R-all other times",-73.9883019997451,40.6708466668428
"382","http://web.mta.info/nyct/service/",383,"3rd Ave","POINT (-73.98575000112093 40.73269099971662)","L","L-all times",-73.9857500011209,40.7326909997166
"383","http://web.mta.info/nyct/service/",384,"Union Sq - 14th St","POINT (-73.99066976901818 40.73476331217923)","L","L-all times",-73.9906697690182,40.7347633121792
"384","http://web.mta.info/nyct/service/",385,"Liberty Ave","POINT (-73.89654800103929 40.67454199987086)","A-C","A-nights, C-all other times",-73.8965480010393,40.6745419998709
"385","http://web.mta.info/nyct/service/",386,"Broadway Junction","POINT (-73.90531600055341 40.67833366608023)","A-C","A-all times, C-all times exc nights",-73.9053160005534,40.6783336660802
"386","http://web.mta.info/nyct/service/",387,"59th St","POINT (-74.01788099953987 40.6413616662838)","N-R","N,R-all times",-74.0178809995399,40.6413616662838
"387","http://web.mta.info/nyct/service/",388,"45th St","POINT (-74.01000600074939 40.648938666612814)","N-R","N-nights, R-all times, skips nights northbound",-74.0100060007494,40.6489386666128
"388","http://web.mta.info/nyct/service/",389,"36th St","POINT (-74.00354899951809 40.65514366633887)","D-N-R","D,N,R-all times",-74.0035489995181,40.6551436663389
"389","http://web.mta.info/nyct/service/",390,"9th Ave","POINT (-73.99444874451204 40.64648407726636)","D","D-all times",-73.994448744512,40.6464840772664
"390","http://web.mta.info/nyct/service/",391,"53rd St","POINT (-74.01403399986317 40.64506866735981)","N-R","N-nights, R-all times, skips nights northbound",-74.0140339998632,40.6450686673598
"391","http://web.mta.info/nyct/service/",392,"Ft Hamilton Pkwy","POINT (-73.9942022375285 40.640912711444656)","D","D-all times",-73.9942022375285,40.6409127114447
"392","http://web.mta.info/nyct/service/",393,"25th St","POINT (-73.99809099974297 40.66039666692321)","D-N-R","D,N-nights, R-all other times",-73.998090999743,40.6603966669232
"393","http://web.mta.info/nyct/service/",394,"Carroll St","POINT (-73.99494697998841 40.68027335170176)","F-G","F,G-all times",-73.9949469799884,40.6802733517018
"394","http://web.mta.info/nyct/service/",395,"Spring St","POINT (-74.00373899843763 40.72622700129312)","A-C-E","A-nights, C-all other times, E-all times",-74.0037389984376,40.7262270012931
"395","http://web.mta.info/nyct/service/",396,"181st St","POINT (-73.93796900205011 40.851694999744616)","A","A-all times",-73.9379690020501,40.8516949997446
"396","http://web.mta.info/nyct/service/",397,"190th St","POINT (-73.93417999964333 40.85902199892482)","A","A-all times",-73.9341799996433,40.8590219989248
"397","http://web.mta.info/nyct/service/",398,"116th St","POINT (-73.95479778057312 40.80505813344211)","A-B-C","A-nights, B-weekdays and evenings, C-all times exc nights",-73.9547977805731,40.8050581334421
"398","http://web.mta.info/nyct/service/",399,"125th St","POINT (-73.95224799734774 40.811071672994565)","A-B-C-D","A,D-all times, B-weekdays and evenings, C-all times exc nights",-73.9522479973477,40.8110716729946
"399","http://web.mta.info/nyct/service/",400,"Prince St","POINT (-73.99770200045987 40.72432866597571)","N-Q-R-W","N-all times, Q-nights, R-all times exc nights",-73.9977020004599,40.7243286659757
"400","http://web.mta.info/nyct/service/",401,"8th St - NYU","POINT (-73.99250799849149 40.73046499853991)","N-Q-R-W","N-all times, Q-nights, R-all times exc nights",-73.9925079984915,40.7304649985399
"401","http://web.mta.info/nyct/service/",402,"Fulton St","POINT (-74.00657099970202 40.70941599925865)","2-3","2-all times, 3-all times exc nights",-74.006570999702,40.7094159992587
"402","http://web.mta.info/nyct/service/",403,"Park Pl","POINT (-74.00881099997359 40.713050999077694)","2-3","2-all times, 3-all times exc nights",-74.0088109999736,40.7130509990777
"403","http://web.mta.info/nyct/service/",404,"Chambers St","POINT (-74.00926600170112 40.71547800011327)","1-2-3","1,2-all times, 3-all times exc nights",-74.0092660017011,40.7154780001133
"404","http://web.mta.info/nyct/service/",405,"Hoyt St","POINT (-73.98506379575646 40.69054418535472)","2-3","2-all times, 3-all times exc nights",-73.9850637957565,40.6905441853547
"405","http://web.mta.info/nyct/service/",406,"Borough Hall","POINT (-73.98999799960687 40.693218999611084)","2-3","2-all times, 3-all times exc nights",-73.9899979996069,40.6932189996111
"406","http://web.mta.info/nyct/service/",407,"183rd St","POINT (-73.90387900151532 40.85840700040842)","4","4-all times",-73.9038790015153,40.8584070004084
"407","http://web.mta.info/nyct/service/",408,"Fordham Rd","POINT (-73.90103399921699 40.86280299988937)","4","4-all times",-73.901033999217,40.8628029998894
"408","http://web.mta.info/nyct/service/",409,"World Trade Center","POINT (-74.00974461517701 40.71256392680817)","E","E-all times",-74.009744615177,40.7125639268082
"409","http://web.mta.info/nyct/service/",410,"Canal St - Holland Tunnel","POINT (-74.0052290023424 40.72082400007119)","A-C-E","A,E-all times, C-all times exc nights",-74.0052290023424,40.7208240000712
"410","http://web.mta.info/nyct/service/",411,"155th St","POINT (-73.94151400082208 40.83051799929251)","A-C","A-nights, C-all other times",-73.9415140008221,40.8305179992925
"411","http://web.mta.info/nyct/service/",412,"163rd St - Amsterdam Av","POINT (-73.93989200188344 40.83601299923096)","A-C","A-nights, C-all other times",-73.9398920018834,40.836012999231
"412","http://web.mta.info/nyct/service/",413,"Fulton St","POINT (-74.00793800110387 40.71002266658424)","J-Z","J-all times, Z-rush hours AM westbound, PM eastbound",-74.0079380011039,40.7100226665842
"413","http://web.mta.info/nyct/service/",414,"Chambers St","POINT (-74.00340673031336 40.71323378962671)","J-Z","J-all times, Z-rush hours AM westbound, PM eastbound",-74.0034067303134,40.7132337896267
"414","http://web.mta.info/nyct/service/",415,"Canal St","POINT (-73.99982638545937 40.71817387697391)","J-Z","J-all times, Z-rush hours AM westbound, PM eastbound",-73.9998263854594,40.7181738769739
"415","http://web.mta.info/nyct/service/",416,"City Hall","POINT (-74.00698581780337 40.71327233111697)","R-W","N-nights, R-all other times",-74.0069858178034,40.713272331117
"416","http://web.mta.info/nyct/service/",417,"Canal St","POINT (-74.0018260000577 40.71946500105898)","R-W","N-nights, R-all other times",-74.0018260000577,40.719465001059
"417","http://web.mta.info/nyct/service/",418,"South Ferry","POINT (-74.01316895919258 40.701730507574474)","1","1-all times",-74.0131689591926,40.7017305075745
"418","http://web.mta.info/nyct/service/",419,"Bowling Green","POINT (-74.01400799803432 40.70491399928076)","4-5","4-all times, 5-all times exc nights",-74.0140079980343,40.7049139992808
"419","http://web.mta.info/nyct/service/",420,"Wall St","POINT (-74.01186199860112 40.70755700086603)","4-5","4-all times, 5-weekdays",-74.0118619986011,40.707557000866
"420","http://web.mta.info/nyct/service/",421,"Whitehall St","POINT (-74.0130072374272 40.703142373599135)","R-W","N-nights, R-all other times",-74.0130072374272,40.7031423735991
"421","http://web.mta.info/nyct/service/",422,"Rector St","POINT (-74.01297456253795 40.707744756294474)","R-W","N-nights, R-all other times",-74.0129745625379,40.7077447562945
"422","http://web.mta.info/nyct/service/",423,"Fresh Pond Rd","POINT (-73.8958980017196 40.70622599823048)","M","M-all times",-73.8958980017196,40.7062259982305
"423","http://web.mta.info/nyct/service/",424,"Middle Village - Metropolitan Ave","POINT (-73.88957722978091 40.711431305058255)","M","M-all times",-73.8895772297809,40.7114313050583
"424","http://web.mta.info/nyct/service/",425,"Rector St","POINT (-74.01378300119742 40.707512999521775)","1","1-all times",-74.0137830011974,40.7075129995218
"425","http://web.mta.info/nyct/service/",426,"Cortlandt St","POINT (-74.01218800112292 40.7118350008202)","1","Temporarily closed",-74.0121880011229,40.7118350008202
"426","http://web.mta.info/nyct/service/",427,"Fulton St","POINT (-74.00950899856461 40.710367998822136)","4-5","4-all times, 5-weekdays",-74.0095089985646,40.7103679988221
"427","http://web.mta.info/nyct/service/",428,"Broad St","POINT (-74.01105599991755 40.706476001106005)","J-Z","J-all times, Z-rush hours AM westbound, PM eastbound",-74.0110559999175,40.706476001106
"428","http://web.mta.info/nyct/service/",429,"Cortlandt St","POINT (-74.01113196473266 40.7105129841524)","R-W","N-nights, R-all other times",-74.0111319647327,40.7105129841524
"429","http://web.mta.info/nyct/service/",430,"Wall St","POINT (-74.00909999844257 40.706820999753376)","2-3","2-all times, 3-all times exc nights",-74.0090999984426,40.7068209997534
"430","http://web.mta.info/nyct/service/",431,"Dyckman St","POINT (-73.92727099960726 40.865490998968916)","A","A-all times",-73.9272709996073,40.8654909989689
"431","http://web.mta.info/nyct/service/",432,"Grand St","POINT (-73.99375299913589 40.71826699954992)","B-D","B-weekdays and evenings, D-all times",-73.9937529991359,40.7182669995499
"432","http://web.mta.info/nyct/service/",433,"Broadway - Lafayette St","POINT (-73.99620399876055 40.725296998738045)","B-D-F-M","B,M-weekdays and evenings, D,F-all times",-73.9962039987605,40.725296998738
"433","http://web.mta.info/nyct/service/",434,"Bowery","POINT (-73.99380690654237 40.720246883147254)","J-Z","J-all times, Z-rush hours AM westbound, PM eastbound",-73.9938069065424,40.7202468831473
"434","http://web.mta.info/nyct/service/",435,"Canal St","POINT (-74.00105471306033 40.718814263587134)","N-Q","N-all times, Q-weekdays and evenings",-74.0010547130603,40.7188142635871
"435","http://web.mta.info/nyct/service/",436,"23rd St","POINT (-73.99804100117201 40.74590599939995)","A-C-E","A-nights, C-all other times, E-all times",-73.998041001172,40.7459059994
"436","http://web.mta.info/nyct/service/",437,"34th St - Penn Station","POINT (-73.99339099970578 40.752287000775894)","A-C-E","A,E-all times, C-all times exc nights",-73.9933909997058,40.7522870007759
"437","http://web.mta.info/nyct/service/",438,"Jackson Hts - Roosevelt Av","POINT (-73.89129866519697 40.74653969115889)","E-F-M-R","E,F-all times, M-weekdays and evenings, R-all times exc nights",-73.891298665197,40.7465396911589
"438","http://web.mta.info/nyct/service/",439,"14th St","POINT (-74.00020100063497 40.737825999728116)","1-2-3","1,2-all times, 3-all times exc nights",-74.000201000635,40.7378259997281
"439","http://web.mta.info/nyct/service/",440,"135th St","POINT (-73.94753480879213 40.817905559212676)","A-B-C","A-nights, B-weekdays and evenings, C-all times exc nights",-73.9475348087921,40.8179055592127
"440","http://web.mta.info/nyct/service/",441,"14th St","POINT (-73.99620899921355 40.73822799969515)","F-M","F-all times, M-weekdays and evenings",-73.9962089992136,40.7382279996951
"441","http://web.mta.info/nyct/service/",442,"6th Ave","POINT (-73.99775078874781 40.73774146981052)","L","L-all times",-73.9977507887478,40.7377414698105
"442","http://web.mta.info/nyct/service/",443,"8th Ave","POINT (-74.00257800104762 40.73977666638199)","L","L-all times",-74.0025780010476,40.739776666382
"443","http://web.mta.info/nyct/service/",444,"14th St","POINT (-74.00168999937027 40.740893000193296)","A-C-E","A,E-all times, C-all times exc nights",-74.0016899993703,40.7408930001933
"444","http://web.mta.info/nyct/service/",445,"Nostrand Ave","POINT (-73.9504262489579 40.66993815093054)","3-4","4-nights, 3-all other times",-73.9504262489579,40.6699381509305
"445","http://web.mta.info/nyct/service/",446,"Clark St","POINT (-73.99308599821961 40.69746599996469)","2-3","2-all times, 3-all times exc nights",-73.9930859982196,40.6974659999647
"446","http://web.mta.info/nyct/service/",447,"Franklin Ave","POINT (-73.95684800014614 40.68137966658742)","A-C","A-nights, C-all other times",-73.9568480001461,40.6813796665874
"447","http://web.mta.info/nyct/service/",448,"Clinton - Washington Aves","POINT (-73.96583799857275 40.68326299912644)","A-C","A-nights, C-all other times",-73.9658379985728,40.6832629991264
"448","http://web.mta.info/nyct/service/",449,"Forest Ave","POINT (-73.90307500005954 40.70441200087814)","M","M-all times",-73.9030750000595,40.7044120008781
"449","http://web.mta.info/nyct/service/",450,"110th St","POINT (-73.94424999687163 40.795020000113105)","4-6-6 Express","4 nights, 6-all times, 6 Express-weekdays AM southbound, PM northbound",-73.9442499968716,40.7950200001131
"450","http://web.mta.info/nyct/service/",451,"86th St","POINT (-73.95558899985132 40.77949199820952)","4-5-6-6 Express","4,6-all times, 5-all times exc nights, 6 Express-weekdays AM southbound, PM northbound",-73.9555889998513,40.7794919982095
"451","http://web.mta.info/nyct/service/",452,"York St","POINT (-73.98688499993673 40.699742667691574)","F","F-all times",-73.9868849999367,40.6997426676916
"452","http://web.mta.info/nyct/service/",453,"High St","POINT (-73.99053100065458 40.69933699977884)","A-C","A-all times, C-all times exc nights",-73.9905310006546,40.6993369997788
"453","http://web.mta.info/nyct/service/",454,"Lafayette Ave","POINT (-73.97394599849406 40.68611300020567)","A-C","A-nights, C-all other times",-73.9739459984941,40.6861130002057
"454","http://web.mta.info/nyct/service/",455,"President St","POINT (-73.95058920022207 40.667883603536815)","2-5","2-all times, 5 weekdays",-73.9505892002221,40.6678836035368
"455","http://web.mta.info/nyct/service/",456,"Woodlawn","POINT (-73.87875099990931 40.886037000253324)","4","4-all times",-73.8787509999093,40.8860370002533
"456","http://web.mta.info/nyct/service/",457,"Bleecker St","POINT (-73.99465900006331 40.72591466682659)","4-6-6 Express","4 nights, 6-all times, 6 Express-weekdays PM",-73.9946590000633,40.7259146668266
"457","http://web.mta.info/nyct/service/",458,"103rd St","POINT (-73.94747800152219 40.79060000008452)","4-6-6 Express","4 nights, 6-all times, 6 Express-weekdays AM southbound, PM northbound",-73.9474780015222,40.7906000000845
"458","http://web.mta.info/nyct/service/",459,"Euclid Ave","POINT (-73.87210600099675 40.675376998239365)","A-C-S","S to Ozone Park-Lefferts Blvd-nights, C-all other times, A-all times",-73.8721060009968,40.6753769982394
"459","http://web.mta.info/nyct/service/",460,"88th St","POINT (-73.85147000026086 40.67984300135503)","A-S","A-all times, S Euclid Av to Ozone Park-Lefferts Blvd-nights",-73.8514700002609,40.679843001355
"460","http://web.mta.info/nyct/service/",461,"Cortelyou Rd","POINT (-73.96379005505493 40.6409401651401)","Q","Q-all times",-73.9637900550549,40.6409401651401
"461","http://web.mta.info/nyct/service/",462,"116th St","POINT (-73.9416169983714 40.7986290002001)","4-6-6 Express","4 nights, 6-all times, 6 Express-weekdays AM southbound, PM northbound",-73.9416169983714,40.7986290002001
"462","http://web.mta.info/nyct/service/",463,"Parkchester","POINT (-73.86081600108396 40.83322599927859)","6-6 Express","6-all times, 6 Express-weekdays AM southbound, PM northbound",-73.860816001084,40.8332259992786
"463","http://web.mta.info/nyct/service/",464,"Franklin St","POINT (-74.00688600277107 40.719318001302135)","1-2","1-all times, 2-nights",-74.0068860027711,40.7193180013021
"464","http://web.mta.info/nyct/service/",465,"80th St","POINT (-73.85899200206335 40.67937100115432)","A-S","A-all times, S Euclid Av to Ozone Park-Lefferts Blvd-nights",-73.8589920020633,40.6793710011543
"465","http://web.mta.info/nyct/service/",466,"5th Ave - Bryant Pk","POINT (-73.98196299856706 40.75382100064824)","7-7 Express","7-all times, 7 Express-rush hours AM westbound, PM eastbound",-73.9819629985671,40.7538210006482
"466","http://web.mta.info/nyct/service/",467,"Spring St","POINT (-73.99714100006673 40.72230099999366)","4-6-6 Express","4 nights, 6-all times, 6 Express-weekdays AM southbound, PM northbound",-73.9971410000667,40.7223009999937
"467","http://web.mta.info/nyct/service/",468,"125th St","POINT (-73.93759400055725 40.804138000587244)","4-5-6-6 Express","4,6-all times, 5-all times exc nights, 6 Express-weekdays AM southbound, PM northbound",-73.9375940005573,40.8041380005872
"468","http://web.mta.info/nyct/service/",469,"Coney Island - Stillwell Av","POINT (-73.9812359981396 40.57728100006751)","D-F-N-Q","D,F,N,Q-all times",-73.9812359981396,40.5772810000675
"469","http://web.mta.info/nyct/service/",470,"34th St - Hudson Yards","POINT (-74.00219709442206 40.75544635961596)","7-7 Express","7-all times, 7 Express-rush hours AM westbound, PM eastbound",-74.0021970944221,40.755446359616
"470","http://web.mta.info/nyct/service/",641,"72nd St","POINT (-73.95836178682246 40.76880251014895)","Q","Q-all times",-73.9583617868225,40.768802510149
"471","http://web.mta.info/nyct/service/",642,"86th St","POINT (-73.95177090964917 40.77786104333163)","Q","Q-all times",-73.9517709096492,40.7778610433316
"472","http://web.mta.info/nyct/service/",643,"96th St","POINT (-73.9470660219183 40.784236650177654)","Q","Q-all times",-73.9470660219183,40.7842366501777
